ticketNumber,createdTime,closedTime,status,channel,threadCount,motivo,detalhe,submotivo,localizador,filial,linha,solucao,servico,dataViagem
362879,2024-12-06T17:11:01.000Z,2024-12-11T12:09:14.000Z,Fechado - Procedente,Agências,4,Viagem,Problemas Mecânico,Veículo,15XRT7,Sampaio,LAVRAS(MG) - RIO DE JANEIRO(RJ) 350014,Devolução e Cortesia,35200060,2024-12-02T00:30:00.000Z
645097,2025-01-15T14:24:43.000Z,2025-01-15T14:24:43.000Z,Fechado - Procedente,Agências,2,Viagem,Problemas Mecânico,Veículo,14VDUB,Util,DF/BRASILIA - RJ/RIO DE JANEIRO,Cortesia,15304345,2024-12-29T19:30:00.000Z
645404,2025-01-15T16:54:05.000Z,2025-01-17T17:20:46.000Z,Duplicado,WhatsApp Chat,2,Viagem,Problemas Mecânico,Veículo,14VDUB,Util,DF/BRASILIA - RJ/RIO DE JANEIRO,,15304345,2024-12-29T15:00:00.000Z
1046481,2025-11-08T14:01:20.000Z,2025-11-11T17:53:48.000Z,Fechado - Procedente,0800 - UTIL,4,Viagem,Problema Mecânico,Veículo,1DZX1N,Sampaio,,Cortesia,35301785,2025-11-08T15:00:00.000Z
1050021,2025-11-11T14:10:55.000Z,2025-11-11T15:41:56.000Z,Fechado - Procedente,Agências,1,Viagem,Problema Mecânico,Veículo,1DC0U8,Sampaio,MG/ALFENAS - RJ/RIO DE JANEIRO,Cortesia,35301610,2025-09-19T16:00:00.000Z
1050024,2025-11-11T14:10:56.000Z,2025-11-11T17:14:51.000Z,Fechado - Procedente,Agências,1,Viagem,Problema Mecânico,Veículo,1DC8Y0,Sampaio,MG/ALFENAS - RJ/RIO DE JANEIRO,Cortesia,35301610,2025-09-19T16:00:00.000Z
1093892,2025-12-10T19:16:03.000Z,2025-12-16T14:09:52.000Z,Fechado - Sem Interação,Agências,4,Viagem,Problema Mecânico,Veículo,1EWUV3,Sampaio,MG/SAO LOURENCO - RJ/RIO DE JANEIRO,Devolução e Cortesia,35201705,2025-11-24T13:30:00.000Z
1093906,2025-12-10T19:16:05.000Z,2025-12-16T14:09:52.000Z,Fechado - Sem Interação,Agências,5,Viagem,Problema Mecânico,Veículo,1D4T4C,Sampaio,MG/SAO LOURENCO - RJ/RIO DE JANEIRO,Devolução e Cortesia,35201705,2025-11-24T13:30:00.000Z
1110917,2025-12-20T17:15:54.000Z,2025-12-24T15:15:38.000Z,Fechado - Sem Interação,Agências,5,Viagem,Problema Mecânico,Veículo,1EN862,Util,RJ/RIO DE JANEIRO - SP/SAO SEBASTIAO,Devolução e Cortesia,15204830,2025-12-05T01:00:00.000Z
1110928,2025-12-20T17:15:56.000Z,2025-12-24T16:15:39.000Z,Fechado - Sem Interação,Agências,2,Viagem,Problema Mecânico,Veículo,1F88JG,Util,RJ/RIO DE JANEIRO - SP/SAO SEBASTIAO,Devolução e Cortesia,15204830,2025-12-05T01:00:00.000Z
1110931,2025-12-20T17:15:56.000Z,2025-12-23T18:30:19.000Z,Fechado - Sem Interação,Agências,1,Viagem,Problema Mecânico,Veículo,1EN862,Util,RJ/RIO DE JANEIRO - SP/SAO SEBASTIAO,Devolução e Cortesia,15204830,2025-12-05T01:00:00.000Z
1110940,2025-12-20T17:15:58.000Z,2025-12-21T19:13:36.000Z,Fechado - Sem Interação,Agências,2,Viagem,Problema Mecânico,Veículo,1EN862,Util,RJ/RIO DE JANEIRO - SP/SAO SEBASTIAO,Devolução e Cortesia,15204830,2025-12-05T01:00:00.000Z
1114708,2025-12-23T13:52:09.000Z,2025-12-26T17:02:18.000Z,Fechado - Procedente,0800 - Expresso Guanabara,4,Viagem,Problema Mecânico,Veículo,1FRERS,Util,,Cortesia,15701065,2025-12-23T15:00:00.000Z
1119601,2025-12-26T16:32:25.000Z,2026-01-21T17:57:40.000Z,Fechado - Procedente,Fale Conosco,12,Viagem,Problema Mecânico,Veículo,1EN862,Util,RJ/RIO DE JANEIRO - SP/SAO SEBASTIAO 150473,,15204830,2025-12-05T01:00:00.000Z
1120667,2025-12-27T02:03:36.000Z,2026-01-02T18:06:04.000Z,Fechado - Procedente,0800 - Expresso Guanabara,2,Viagem,Problema Mecânico,Veículo,1FVB7Y,Util,,,15404355,2025-12-26T15:00:00.000Z
1125439,2025-12-30T12:51:32.000Z,2026-01-09T13:26:21.000Z,Fechado - Sem Interação,Consumidor Gov,11,Viagem,Problema Mecânico,Veículo,1F5ZYE,Util,DF/BRASILIA - RJ/ RIO DE JANEIRO 150457,,15304345,2025-12-02T19:30:00.000Z
1128490,2026-01-01T14:36:06.000Z,2026-01-09T14:52:43.000Z,Fechado - Procedente,Fale Conosco,6,Viagem,Problema Mecânico,Veículo,1G2Q62,Sampaio,,Cortesia,35301835,2025-12-31T02:00:00.000Z
1130734,2026-01-02T19:46:47.000Z,2026-01-02T19:50:48.000Z,Fechado - Improcedente,0800 - Expresso Guanabara,1,Troca de passagem,,Troca de data,1F2216,Util,,,,
1131174,2026-01-03T00:14:50.000Z,2026-01-14T11:30:05.000Z,Fechado - Sem Interação,WhatsApp Chat,6,Viagem,Categoria inferior,Embarque / Desembarque,1G592V,Util,,,15424555,2026-01-03T01:00:00.000Z
1132383,2026-01-04T03:33:51.000Z,2026-01-05T16:44:08.000Z,Fechado - Procedente,0800 - Expresso Guanabara,2,Viagem,Problema Mecânico,Veículo,1G6MWY,Util,,Cortesia,15304525,2026-01-04T00:30:00.000Z
1132842,2026-01-04T16:18:38.000Z,2026-01-10T20:17:57.000Z,Fechado - Procedente,Fale Conosco,7,Viagem,Problema Mecânico,Veículo,1G4EK0,Util,,Cortesia,15205232,2026-01-04T14:10:00.000Z
1132891,2026-01-04T17:20:33.000Z,2026-01-09T22:42:40.000Z,Fechado - Procedente,WhatsApp Chat,4,Viagem,Problema Mecânico,Veículo,1G4EK0,Util,,Cortesia,15205232,2026-01-04T14:10:00.000Z
1141039,2026-01-08T23:32:50.000Z,2026-01-16T13:44:42.000Z,Fechado - Procedente,Fale Conosco,6,Viagem,Problema Mecânico,Veículo,1FAURX,Util,MG/OURO PRETO - RJ/RIO DE JANEIRO 150448,Cortesia,15306112,2025-12-16T10:30:00.000Z
1152160,2026-01-16T09:10:34.000Z,2026-01-16T09:16:48.000Z,Fechado - Procedente,0800 - Expresso Guanabara,1,Previsão de Socorro,,,1GEFVY,Sampaio,,,,
1163161,2026-01-23T13:25:13.000Z,2026-01-24T20:32:57.000Z,Duplicado,0800 - Expresso Guanabara,1,Viagem,Problema Mecânico,Veículo,1GKNCV,Sampaio,,,35301845,2026-01-22T16:00:00.000Z
1163233,2026-01-23T13:50:33.000Z,2026-02-01T17:45:00.000Z,Fechado - Sem Interação,Consumidor Gov,8,Viagem,Problema Mecânico,Veículo,1GKNCV / 1GJWCV,Sampaio,RJ/RIO DE JANEIRO - SP/PRAIA GRANDE 350215,,35301845,2026-01-22T16:00:00.000Z
1174826,2026-01-31T09:39:07.000Z,2026-02-14T13:37:57.000Z,Fechado - Procedente,0800 - Expresso Guanabara,3,Viagem,Problema Mecânico,Veículo,1FER0S,Sampaio,,Cortesia,35301835,2026-01-31T02:00:00.000Z
1175379,2026-01-31T18:12:00.000Z,2026-02-06T13:23:10.000Z,Fechado - Procedente,Fale Conosco,16,Cancelamento de Passagem,,Sites e Aplicativos Terceiros,1FWT9F/1FWT9K,Util,,,,
1185883,2026-02-09T12:40:26.000Z,2026-02-09T12:42:53.000Z,Duplicado,Fale Conosco,1,Cancelamento de Passagem,,Sites e Aplicativos Terceiros,1FWT9F/1FWT9K,Util,,,,
1194538,2026-02-14T18:24:19.000Z,2026-02-20T15:26:39.000Z,Fechado - Procedente,Agências,1,Viagem,Problema Mecânico,Veículo,1GR9KS,Sampaio,RJ/RIO DE JANEIRO - SP/PRAIA GRANDE 350215,Cortesia,35301835,2026-01-31T02:00:00.000Z
1194547,2026-02-14T18:24:20.000Z,2026-02-20T15:26:39.000Z,Fechado - Procedente,Agências,1,Viagem,Problema Mecânico,Veículo,1FER0S,Sampaio,RJ/RIO DE JANEIRO - SP/PRAIA GRANDE 350215,Cortesia,35301835,2026-01-31T02:00:00.000Z
1194557,2026-02-14T18:24:22.000Z,2026-02-20T15:26:39.000Z,Fechado - Procedente,Agências,1,Viagem,Problema Mecânico,Veículo,1GXY2S,Sampaio,RJ/RIO DE JANEIRO - SP/PRAIA GRANDE 350215,Cortesia,35301835,2026-01-31T02:00:00.000Z
1194579,2026-02-14T18:24:25.000Z,2026-02-20T15:26:39.000Z,Fechado - Procedente,Agências,1,Viagem,Problema Mecânico,Veículo,1FER0S,Sampaio,RJ/RIO DE JANEIRO - SP/PRAIA GRANDE 350215,Cortesia,35301835,2026-01-31T02:00:00.000Z
1194580,2026-02-14T18:24:25.000Z,2026-02-20T15:26:39.000Z,Fechado - Procedente,Agências,1,Viagem,Problema Mecânico,Veículo,1GBVDP,Sampaio,RJ/RIO DE JANEIRO - SP/PRAIA GRANDE 350215,Cortesia,35301835,2026-01-31T02:00:00.000Z
1197224,2026-02-17T18:19:07.000Z,2026-02-28T18:44:03.000Z,Fechado - Procedente,WhatsApp Chat,4,Viagem,Categoria inferior,Embarque / Desembarque,1G22H4,Util,,Diferença Tarifária,15205246,2026-02-13T23:00:00.000Z
1197680,2026-02-18T09:11:51.000Z,2026-03-04T14:54:10.000Z,Fechado - Procedente,WhatsApp Chat,12,Viagem,Problema Mecânico,Veículo,1G22H4,Util,,Devolução,15408443,2026-02-17T22:10:00.000Z
1197755,2026-02-18T11:09:17.000Z,2026-03-10T14:18:56.000Z,Fechado - Sem Interação,0800 - Expresso Guanabara,5,Viagem,Problema Mecânico,Veículo,1H4GY6 e 1H4GY7,Util,,Cortesia,15308443,2026-02-18T02:15:00.000Z
1198438,2026-02-18T17:36:27.000Z,2026-02-18T17:41:02.000Z,Fechado - Procedente,0800 - Expresso Guanabara,1,Cortesia Atendida,,,1HD0EU,Util,,,,
1199647,2026-02-19T14:33:43.000Z,2026-03-09T14:21:30.000Z,Duplicado,Fale Conosco,6,Viagem,Problema Mecânico,Veículo,1HD0EU,Brisa,MG/JUIZ DE FORA - RJ/RIO DE JANEIRO,,30300580,2026-02-19T13:00:00.000Z
1199818,2026-02-19T15:45:00.000Z,2026-03-08T18:25:08.000Z,Fechado - Procedente,Fale Conosco,5,Viagem,Problema Mecânico,Veículo,1H8F3M,Brisa,MG/JUIZ DE FORA - RJ/RIO DE JANEIRO,Cortesia,30300580,2026-02-19T13:00:00.000Z
1212264,2026-02-25T00:58:00.000Z,2026-02-25T00:58:07.000Z,Fechado - Procedente,WhatsApp Chat,1,Consulta,,Protocolo,1G22H4,Util,,,,
1219531,2026-03-02T19:43:15.000Z,2026-03-02T19:54:57.000Z,Fechado - Procedente,0800 - UTIL,1,Outros,,,1HMMQN,Util,,,,
1221047,2026-03-03T19:07:26.000Z,2026-03-16T17:26:38.000Z,Fechado - Procedente,Fale Conosco,4,Viagem,No embarque,Atraso,1H59XW,Sampaio,RJ/RIO DE JANEIRO - SP/SAO JOSE DOS CAMPOS 350229,Cortesia,35301725,2026-02-15T14:10:00.000Z
1223558,2026-03-05T13:51:48.000Z,2026-03-20T14:07:54.000Z,Fechado - Procedente,0800 - Expresso Guanabara,7,Viagem,Problema Mecânico,Veículo,1HEMS7,Sampaio,RJ/NITEROI - SP/SAO JOSE DOS CAMPOS 350231,Diferença Tarifária,35401550,2026-03-05T15:00:00.000Z
1227609,2026-03-08T18:18:19.000Z,2026-03-19T17:12:48.000Z,Fechado - Procedente,WhatsApp Chat,4,Viagem,Problema Mecânico,Veículo,1HPUVC,Sampaio,RJ/RIO DE JANEIRO - SP/MOGI DAS CRUZES 350226,Cortesia,35301720,2026-03-08T16:00:00.000Z
1228379,2026-03-09T13:29:39.000Z,2026-03-20T17:46:23.000Z,Fechado - Procedente,Fale Conosco,6,Viagem,Problema Mecânico,Veículo,1HMR9U,Util,MG/BELO HORIZONTE - RJ/RIO DE JANEIRO 150436,Cortesia,15304750,2026-03-02T00:00:00.000Z
1235945,2026-03-14T13:00:57.000Z,2026-03-21T14:23:58.000Z,Fechado - Procedente,0800 - Real Expresso,3,Viagem,Problema Mecânico,Veículo,1HWB4K,Real Expresso,GO/ANAPOLIS - RJ/RIO DE JANEIRO 200422,Cortesia,20402770,2026-03-13T18:15:00.000Z
1238078,2026-03-16T13:41:42.000Z,2026-03-25T11:50:45.000Z,Fechado - Procedente,Fale Conosco,3,Viagem,Problema Mecânico,Veículo,1HXBG5,Real Expresso,GO/ANAPOLIS - RJ/RIO DE JANEIRO 200422,Cortesia,20202770,2026-03-13T18:15:00.000Z
1239828,2026-03-17T14:16:09.000Z,2026-03-22T18:18:25.000Z,Fechado - Procedente,Consumidor Gov,6,Viagem,Problema Mecânico,Veículo,1HMR9U,Util,MG/BELO HORIZONTE - RJ/RIO DE JANEIRO 150436,Cortesia,15304750,2026-03-02T00:00:00.000Z
1247359,2026-03-22T21:58:37.000Z,2026-03-30T14:50:45.000Z,Fechado - Procedente,0800 - UTIL,3,Viagem,Ar condicionado,Veículo,1J35UE,Util,MT/CUIABA - RJ/RIO DE JANEIRO,Cortesia,15305150,2026-03-22T15:00:00.000Z
1248225,2026-03-23T14:47:55.000Z,2026-03-30T14:52:10.000Z,Duplicado,0800 - UTIL,1,Viagem,Problema Mecânico,Veículo,1J35UE,Util,MT/CUIABA - RJ/RIO DE JANEIRO,,15305150,2026-03-22T15:00:00.000Z
1252327,2026-03-26T19:30:53.000Z,2026-03-26T19:57:22.000Z,Fechado - Procedente,0800 - Real Expresso,3,Viagem,Problema Mecânico,Veículo,1HWB4K,Real Expresso,GO/ANAPOLIS - RJ/RIO DE JANEIRO 200422,Cortesia,20402770,
1273979,2026-04-09T19:28:10.000Z,2026-04-15T12:11:36.000Z,Fechado - Sem Interação,0800 - Expresso Guanabara,8,Consulta,,Protocolo,1FER0S,Sampaio,a RJ/RIO DE JANEIRO - SP/PRAIA GRANDE,,35301835,2026-01-31T02:00:00.000Z
1299846,2026-04-27T14:26:12.000Z,2026-05-06T17:15:38.000Z,Fechado - Procedente,Fale Conosco,6,Viagem,Problema Mecânico,Veículo,1JET25,Util,DF/BRASILIA - RJ/RIO DE JANEIRO 150457,Cortesia,15304355,2026-04-26T15:30:00.000Z
1300357,2026-04-27T17:46:08.000Z,2026-04-27T17:56:44.000Z,Fechado - Procedente,Agências,1,Viagem,Problema Mecânico,Veículo,1JXW8Y,REAL EXPRESSO,GO/ANAPOLIS - RJ/RIO DE JANEIRO,Cortesia,20202770,
1300420,2026-04-27T18:01:05.000Z,2026-05-06T17:59:18.000Z,Duplicado,WhatsApp Chat,1,Viagem,Problema Mecânico,Veículo,1JET25,Util,DF/BRASILIA - RJ/RIO DE JANEIRO 150457,,15304355,2026-04-26T15:30:00.000Z
1305723,2026-04-30T15:59:31.000Z,2026-05-08T17:51:51.000Z,Fechado - Procedente,Fale Conosco,6,Viagem,Problema Mecânico,Veículo,1JX0QW,Sampaio,RJ/RIO DE JANEIRO - SP/PRAIA GRANDE 350254,Desconto,35421850,2026-04-30T11:30:00.000Z
1305746,2026-04-30T16:11:38.000Z,2026-04-30T16:21:26.000Z,Fechado - Procedente,0800 - UTIL,1,Viagem,Problema Mecânico,Veículo,1JX0QW,Sampaio,,,,
1319373,2026-05-10T04:10:51.000Z,2026-05-21T18:21:48.000Z,Fechado - Procedente,WhatsApp Chat,2,Viagem,Problema Mecânico,Veículo,1K9FTB,Real Expresso,DF/BRASILIA - SP/SAO PAULO 200416,Cortesia,20303090,2026-05-09T14:30:00.000Z
1320204,2026-05-11T08:06:27.000Z,2026-05-19T14:08:35.000Z,Fechado - Procedente,WhatsApp Chat,6,Viagem,Problema Mecânico,Veículo,1K65XF,Util,MT/CUIABA - RJ/RIO DE JANEIRO,,15305100,2026-05-11T02:30:00.000Z
1326030,2026-05-14T17:01:58.000Z,2026-06-09T13:31:52.000Z,Fechado - Procedente,Reclame Aqui,23,Viagem,Problema Mecânico,Veículo,1H2U6Z,Util,MG/BELO HORIZONTE - RJ/CABO FRIO 150415,,15404825,2026-02-06T00:15:00.000Z
1361076,2026-06-05T20:26:15.000Z,2026-06-06T18:41:24.000Z,Fechado - Procedente,Fale Conosco,1,Viagem,Problema Mecânico,Veículo,1JX0QW,Sampaio,RJ/RIO DE JANEIRO - SP/PRAIA GRANDE 350254,Desconto,35421850,
1457694,2026-07-31T00:48:45.000Z,2026-08-05T13:27:49.000Z,Fechado - Sem Interação,Consumidor Gov,6,Viagem,Condições do veículo,Veículo,1N7Y3A,Util,MG/BELO HORIZONTE - RJ/RIO DE JANEIRO 150435,Devolução,15404595,2026-07-26T16:30:00.000Z
1463506,2026-08-03T18:51:13.000Z,2026-08-06T18:29:55.000Z,Fechado - Sem Interação,Consumidor Gov,5,Viagem,Condições do veículo,Veículo,1N7Y3A,Util,MG/BELO HORIZONTE - RJ/RIO DE JANEIRO 150437,Devolução,15404595,2026-07-26T16:30:00.000Z
1477685,2026-08-12T12:57:48.000Z,,Análise N2,WhatsApp Chat,1,Viagem,Problema Mecânico,Veículo,1G22H4,Util,,Devolução,15408443,
1500279,2026-08-25T14:14:31.000Z,,Análise N2,WhatsApp Chat,1,Viagem,Problema Mecânico,Veículo,1G22H4,Util,,Devolução,15408443,
1500285,2026-08-25T14:16:02.000Z,,Análise N2,WhatsApp Chat,1,Viagem,Problema Mecânico,Veículo,1G22H4,Util,,Devolução,15408443,
1500286,2026-08-25T14:16:11.000Z,,Análise N2,WhatsApp Chat,1,Viagem,Problema Mecânico,Veículo,1G22H4,Util,,Devolução,15408443,
